"MTU (CET/CEST)","Area","Actual Total Load (MW)","Day-ahead Total Load Forecast (MW)"
"01/01/2024 00:00 - 01/01/2024 00:15","BZN|DE-LU","41015.46","41204.10"
"01/01/2024 00:15 - 01/01/2024 00:30","BZN|DE-LU","40718.10","40265.79"
"01/01/2024 00:30 - 01/01/2024 00:45","BZN|DE-LU","40582.96","39491.81"
"01/01/2024 00:45 - 01/01/2024 01:00","BZN|DE-LU","40023.15","38965.13"
"01/01/2024 01:00 - 01/01/2024 01:15","BZN|DE-LU","39744.85","38678.31"
"01/01/2024 01:15 - 01/01/2024 01:30","BZN|DE-LU","39395.86","38283.82"
"01/01/2024 01:30 - 01/01/2024 01:45","BZN|DE-LU","39017.25","37973.30"
"01/01/2024 01:45 - 01/01/2024 02:00","BZN|DE-LU","38726.60","37407.92"
"01/01/2024 02:00 - 01/01/2024 02:15","BZN|DE-LU","38801.18","37147.44"
"01/01/2024 02:15 - 01/01/2024 02:30","BZN|DE-LU","38427.76","36940.78"
"01/01/2024 02:30 - 01/01/2024 02:45","BZN|DE-LU","38051.40","37065.56"
"01/01/2024 02:45 - 01/01/2024 03:00","BZN|DE-LU","37674.02","37100.05"
"01/01/2024 03:00 - 01/01/2024 03:15","BZN|DE-LU","37695.28","37179.00"
"01/01/2024 03:15 - 01/01/2024 03:30","BZN|DE-LU","37500.89","36859.34"
"01/01/2024 03:30 - 01/01/2024 03:45","BZN|DE-LU","37424.61","36527.81"
"01/01/2024 03:45 - 01/01/2024 04:00","BZN|DE-LU","37412.98","36771.31"
"01/01/2024 04:00 - 01/01/2024 04:15","BZN|DE-LU","37364.61","36643.18"
"01/01/2024 04:15 - 01/01/2024 04:30","BZN|DE-LU","37001.31","36691.44"
"01/01/2024 04:30 - 01/01/2024 04:45","BZN|DE-LU","36994.26","36990.71"
"01/01/2024 04:45 - 01/01/2024 05:00","BZN|DE-LU","37178.92","37015.56"
"01/01/2024 05:00 - 01/01/2024 05:15","BZN|DE-LU","37751.23","37074.87"
"01/01/2024 05:15 - 01/01/2024 05:30","BZN|DE-LU","37532.76","37360.17"
"01/01/2024 05:30 - 01/01/2024 05:45","BZN|DE-LU","37388.00","37615.96"
"01/01/2024 05:45 - 01/01/2024 06:00","BZN|DE-LU","37077.07","37407.29"
"01/01/2024 06:00 - 01/01/2024 06:15","BZN|DE-LU","36983.08","37401.87"
"01/01/2024 06:15 - 01/01/2024 06:30","BZN|DE-LU","37171.42","38286.11"
"01/01/2024 06:30 - 01/01/2024 06:45","BZN|DE-LU","37099.03","38472.63"
"01/01/2024 06:45 - 01/01/2024 07:00","BZN|DE-LU","37215.69","38354.37"
"01/01/2024 07:00 - 01/01/2024 07:15","BZN|DE-LU","37398.92","39133.61"
"01/01/2024 07:15 - 01/01/2024 07:30","BZN|DE-LU","37693.12","39360.77"
"01/01/2024 07:30 - 01/01/2024 07:45","BZN|DE-LU","37881.07","39768.47"
"01/01/2024 07:45 - 01/01/2024 08:00","BZN|DE-LU","37916.86","40361.35"
"01/01/2024 08:00 - 01/01/2024 08:15","BZN|DE-LU","38098.23","41246.56"
"01/01/2024 08:15 - 01/01/2024 08:30","BZN|DE-LU","38158.29","41463.43"
"01/01/2024 08:30 - 01/01/2024 08:45","BZN|DE-LU","38569.47","42811.41"
"01/01/2024 08:45 - 01/01/2024 09:00","BZN|DE-LU","38737.73","43756.79"
"01/01/2024 09:00 - 01/01/2024 09:15","BZN|DE-LU","39681.50","44758.20"
"01/01/2024 09:15 - 01/01/2024 09:30","BZN|DE-LU","40132.35","45607.22"
"01/01/2024 09:30 - 01/01/2024 09:45","BZN|DE-LU","40600.34","46236.27"
"01/01/2024 09:45 - 01/01/2024 10:00","BZN|DE-LU","41046.62","46722.56"
"01/01/2024 10:00 - 01/01/2024 10:15","BZN|DE-LU","41742.90","47638.92"
"01/01/2024 10:15 - 01/01/2024 10:30","BZN|DE-LU","42407.76","48510.40"
"01/01/2024 10:30 - 01/01/2024 10:45","BZN|DE-LU","43038.67","48628.86"
"01/01/2024 10:45 - 01/01/2024 11:00","BZN|DE-LU","43767.91","49388.10"
"01/01/2024 11:00 - 01/01/2024 11:15","BZN|DE-LU","44489.41","50246.95"
"01/01/2024 11:15 - 01/01/2024 11:30","BZN|DE-LU","45023.24","50692.48"
"01/01/2024 11:30 - 01/01/2024 11:45","BZN|DE-LU","45677.05","50970.00"
"01/01/2024 11:45 - 01/01/2024 12:00","BZN|DE-LU","45935.75","51124.62"
"01/01/2024 12:00 - 01/01/2024 12:15","BZN|DE-LU","46187.59","51015.28"
"01/01/2024 12:15 - 01/01/2024 12:30","BZN|DE-LU","46262.06","50983.07"
"01/01/2024 12:30 - 01/01/2024 12:45","BZN|DE-LU","46459.70","50840.57"
"01/01/2024 12:45 - 01/01/2024 13:00","BZN|DE-LU","46254.12","50259.23"
"01/01/2024 13:00 - 01/01/2024 13:15","BZN|DE-LU","45878.50","50682.51"
"01/01/2024 13:15 - 01/01/2024 13:30","BZN|DE-LU","45716.01","49769.91"
"01/01/2024 13:30 - 01/01/2024 13:45","BZN|DE-LU","45682.72","49239.92"
"01/01/2024 13:45 - 01/01/2024 14:00","BZN|DE-LU","45579.62","48963.41"
"01/01/2024 14:00 - 01/01/2024 14:15","BZN|DE-LU","45656.22","49200.02"
"01/01/2024 14:15 - 01/01/2024 14:30","BZN|DE-LU","45349.48","49298.74"
"01/01/2024 14:30 - 01/01/2024 14:45","BZN|DE-LU","45268.05","49082.93"
"01/01/2024 14:45 - 01/01/2024 15:00","BZN|DE-LU","45164.22","48738.05"
"01/01/2024 15:00 - 01/01/2024 15:15","BZN|DE-LU","45462.99","48228.91"
"01/01/2024 15:15 - 01/01/2024 15:30","BZN|DE-LU","45671.02","48183.33"
"01/01/2024 15:30 - 01/01/2024 15:45","BZN|DE-LU","45289.36","47837.42"
"01/01/2024 15:45 - 01/01/2024 16:00","BZN|DE-LU","45199.83","48184.59"
"01/01/2024 16:00 - 01/01/2024 16:15","BZN|DE-LU","46071.50","48613.28"
"01/01/2024 16:15 - 01/01/2024 16:30","BZN|DE-LU","46540.77","48584.65"
"01/01/2024 16:30 - 01/01/2024 16:45","BZN|DE-LU","47747.49","48892.83"
"01/01/2024 16:45 - 01/01/2024 17:00","BZN|DE-LU","49013.32","49715.93"
"01/01/2024 17:00 - 01/01/2024 17:15","BZN|DE-LU","50156.38","50662.99"
"01/01/2024 17:15 - 01/01/2024 17:30","BZN|DE-LU","50615.42","51487.88"
"01/01/2024 17:30 - 01/01/2024 17:45","BZN|DE-LU","50632.48","52266.01"
"01/01/2024 17:45 - 01/01/2024 18:00","BZN|DE-LU","51052.22","52824.82"
"01/01/2024 18:00 - 01/01/2024 18:15","BZN|DE-LU","51183.81","53100.06"
"01/01/2024 18:15 - 01/01/2024 18:30","BZN|DE-LU","50970.19","53059.50"
"01/01/2024 18:30 - 01/01/2024 18:45","BZN|DE-LU","50608.58","53128.65"
"01/01/2024 18:45 - 01/01/2024 19:00","BZN|DE-LU","50044.36","52960.54"
"01/01/2024 19:00 - 01/01/2024 19:15","BZN|DE-LU","50050.25","53237.26"
"01/01/2024 19:15 - 01/01/2024 19:30","BZN|DE-LU","49764.79","52545.59"
"01/01/2024 19:30 - 01/01/2024 19:45","BZN|DE-LU","49535.50","52018.67"
"01/01/2024 19:45 - 01/01/2024 20:00","BZN|DE-LU","49093.38","51532.65"
"01/01/2024 20:00 - 01/01/2024 20:15","BZN|DE-LU","48710.80","51296.83"
"01/01/2024 20:15 - 01/01/2024 20:30","BZN|DE-LU","47837.79","50151.06"
"01/01/2024 20:30 - 01/01/2024 20:45","BZN|DE-LU","47183.05","49260.49"
"01/01/2024 20:45 - 01/01/2024 21:00","BZN|DE-LU","46446.34","48850.92"
"01/01/2024 21:00 - 01/01/2024 21:15","BZN|DE-LU","46451.52","48453.95"
"01/01/2024 21:15 - 01/01/2024 21:30","BZN|DE-LU","45845.08","47578.59"
"01/01/2024 21:30 - 01/01/2024 21:45","BZN|DE-LU","45273.56","47895.36"
"01/01/2024 21:45 - 01/01/2024 22:00","BZN|DE-LU","44835.55","47252.22"
"01/01/2024 22:00 - 01/01/2024 22:15","BZN|DE-LU","45030.11","48892.12"
"01/01/2024 22:15 - 01/01/2024 22:30","BZN|DE-LU","44423.03","48173.21"
"01/01/2024 22:30 - 01/01/2024 22:45","BZN|DE-LU","43828.60","47259.37"
"01/01/2024 22:45 - 01/01/2024 23:00","BZN|DE-LU","43173.42","46818.21"
"01/01/2024 23:00 - 01/01/2024 23:15","BZN|DE-LU","42536.60","45909.94"
"01/01/2024 23:15 - 01/01/2024 23:30","BZN|DE-LU","41814.05","45237.08"
"01/01/2024 23:30 - 01/01/2024 23:45","BZN|DE-LU","41218.98","44799.06"
"01/01/2024 23:45 - 02/01/2024 00:00","BZN|DE-LU","40370.11","44179.52"
"02/01/2024 00:00 - 02/01/2024 00:15","BZN|DE-LU","39702.87","44251.22"
"02/01/2024 00:15 - 02/01/2024 00:30","BZN|DE-LU","39006.06","43640.17"
"02/01/2024 00:30 - 02/01/2024 00:45","BZN|DE-LU","38492.80","43246.00"
"02/01/2024 00:45 - 02/01/2024 01:00","BZN|DE-LU","37970.87","42691.89"
"02/01/2024 01:00 - 02/01/2024 01:15","BZN|DE-LU","37678.01","42293.57"
"02/01/2024 01:15 - 02/01/2024 01:30","BZN|DE-LU","37393.60","42113.71"
"02/01/2024 01:30 - 02/01/2024 01:45","BZN|DE-LU","37341.94","41757.77"
"02/01/2024 01:45 - 02/01/2024 02:00","BZN|DE-LU","37447.38","41575.04"
"02/01/2024 02:00 - 02/01/2024 02:15","BZN|DE-LU","37817.14","41307.58"
"02/01/2024 02:15 - 02/01/2024 02:30","BZN|DE-LU","37376.99","41010.15"
"02/01/2024 02:30 - 02/01/2024 02:45","BZN|DE-LU","37317.45","40946.64"
"02/01/2024 02:45 - 02/01/2024 03:00","BZN|DE-LU","37176.71","41096.54"
"02/01/2024 03:00 - 02/01/2024 03:15","BZN|DE-LU","37329.04","41242.52"
"02/01/2024 03:15 - 02/01/2024 03:30","BZN|DE-LU","37392.25","41344.78"
"02/01/2024 03:30 - 02/01/2024 03:45","BZN|DE-LU","37797.50","41416.01"
"02/01/2024 03:45 - 02/01/2024 04:00","BZN|DE-LU","38423.50","41689.51"
"02/01/2024 04:00 - 02/01/2024 04:15","BZN|DE-LU","39201.70","42386.34"
"02/01/2024 04:15 - 02/01/2024 04:30","BZN|DE-LU","39490.09","42768.86"
"02/01/2024 04:30 - 02/01/2024 04:45","BZN|DE-LU","40020.24","43384.90"
"02/01/2024 04:45 - 02/01/2024 05:00","BZN|DE-LU","40481.15","44015.03"
"02/01/2024 05:00 - 02/01/2024 05:15","BZN|DE-LU","41578.68","45072.29"
"02/01/2024 05:15 - 02/01/2024 05:30","BZN|DE-LU","42026.34","45912.76"
"02/01/2024 05:30 - 02/01/2024 05:45","BZN|DE-LU","43297.79","47053.51"
"02/01/2024 05:45 - 02/01/2024 06:00","BZN|DE-LU","44616.39","48489.89"
"02/01/2024 06:00 - 02/01/2024 06:15","BZN|DE-LU","46470.92","50954.75"
"02/01/2024 06:15 - 02/01/2024 06:30","BZN|DE-LU","47578.59","52757.72"
"02/01/2024 06:30 - 02/01/2024 06:45","BZN|DE-LU","48575.98","53845.16"
"02/01/2024 06:45 - 02/01/2024 07:00","BZN|DE-LU","50171.81","55044.32"
"02/01/2024 07:00 - 02/01/2024 07:15","BZN|DE-LU","51499.90","56544.19"
"02/01/2024 07:15 - 02/01/2024 07:30","BZN|DE-LU","52563.38","57509.19"
"02/01/2024 07:30 - 02/01/2024 07:45","BZN|DE-LU","53530.99","58694.46"
"02/01/2024 07:45 - 02/01/2024 08:00","BZN|DE-LU","54793.39","59249.61"
"02/01/2024 08:00 - 02/01/2024 08:15","BZN|DE-LU","55657.08","59854.45"
"02/01/2024 08:15 - 02/01/2024 08:30","BZN|DE-LU","56503.78","60311.29"
"02/01/2024 08:30 - 02/01/2024 08:45","BZN|DE-LU","56867.42","60960.69"
"02/01/2024 08:45 - 02/01/2024 09:00","BZN|DE-LU","57450.65","61083.16"
"02/01/2024 09:00 - 02/01/2024 09:15","BZN|DE-LU","57725.05","61270.94"
"02/01/2024 09:15 - 02/01/2024 09:30","BZN|DE-LU","58360.89","61758.22"
"02/01/2024 09:30 - 02/01/2024 09:45","BZN|DE-LU","58780.35","62279.85"
"02/01/2024 09:45 - 02/01/2024 10:00","BZN|DE-LU","59223.71","62437.50"
"02/01/2024 10:00 - 02/01/2024 10:15","BZN|DE-LU","59530.37","62522.52"
"02/01/2024 10:15 - 02/01/2024 10:30","BZN|DE-LU","59951.10","62515.38"
"02/01/2024 10:30 - 02/01/2024 10:45","BZN|DE-LU","60267.98","62510.68"
"02/01/2024 10:45 - 02/01/2024 11:00","BZN|DE-LU","60717.71","62639.69"
"02/01/2024 11:00 - 02/01/2024 11:15","BZN|DE-LU","61118.36","62945.00"
"02/01/2024 11:15 - 02/01/2024 11:30","BZN|DE-LU","61411.17","63188.67"
"02/01/2024 11:30 - 02/01/2024 11:45","BZN|DE-LU","61866.53","63183.61"
"02/01/2024 11:45 - 02/01/2024 12:00","BZN|DE-LU","61838.17","63125.21"
"02/01/2024 12:00 - 02/01/2024 12:15","BZN|DE-LU","61946.10","62995.91"
"02/01/2024 12:15 - 02/01/2024 12:30","BZN|DE-LU","61896.52","62790.28"
"02/01/2024 12:30 - 02/01/2024 12:45","BZN|DE-LU","61943.45","62790.48"
"02/01/2024 12:45 - 02/01/2024 13:00","BZN|DE-LU","61841.38","62709.71"
"02/01/2024 13:00 - 02/01/2024 13:15","BZN|DE-LU","61845.58","62552.31"
"02/01/2024 13:15 - 02/01/2024 13:30","BZN|DE-LU","61405.49","62455.20"
"02/01/2024 13:30 - 02/01/2024 13:45","BZN|DE-LU","61102.81","61928.57"
"02/01/2024 13:45 - 02/01/2024 14:00","BZN|DE-LU","60584.17","61512.18"
"02/01/2024 14:00 - 02/01/2024 14:15","BZN|DE-LU","60269.53","61081.44"
"02/01/2024 14:15 - 02/01/2024 14:30","BZN|DE-LU","60447.52","60880.57"
"02/01/2024 14:30 - 02/01/2024 14:45","BZN|DE-LU","60433.21","60861.94"
"02/01/2024 14:45 - 02/01/2024 15:00","BZN|DE-LU","60136.62","60427.42"
"02/01/2024 15:00 - 02/01/2024 15:15","BZN|DE-LU","60534.65","60762.77"
"02/01/2024 15:15 - 02/01/2024 15:30","BZN|DE-LU","60758.70","60587.89"
"02/01/2024 15:30 - 02/01/2024 15:45","BZN|DE-LU","60719.67","60445.57"
"02/01/2024 15:45 - 02/01/2024 16:00","BZN|DE-LU","60674.74","60223.39"
"02/01/2024 16:00 - 02/01/2024 16:15","BZN|DE-LU","61326.34","60473.86"
"02/01/2024 16:15 - 02/01/2024 16:30","BZN|DE-LU","61715.37","60483.93"
"02/01/2024 16:30 - 02/01/2024 16:45","BZN|DE-LU","62322.02","60927.23"
"02/01/2024 16:45 - 02/01/2024 17:00","BZN|DE-LU","62784.66","61152.41"
"02/01/2024 17:00 - 02/01/2024 17:15","BZN|DE-LU","63492.16","61857.97"
"02/01/2024 17:15 - 02/01/2024 17:30","BZN|DE-LU","63760.83","62594.80"
"02/01/2024 17:30 - 02/01/2024 17:45","BZN|DE-LU","64207.08","62360.44"
"02/01/2024 17:45 - 02/01/2024 18:00","BZN|DE-LU","64548.52","62979.40"
"02/01/2024 18:00 - 02/01/2024 18:15","BZN|DE-LU","64112.18","63162.40"
"02/01/2024 18:15 - 02/01/2024 18:30","BZN|DE-LU","63620.96","63186.13"
"02/01/2024 18:30 - 02/01/2024 18:45","BZN|DE-LU","63662.54","63188.53"
"02/01/2024 18:45 - 02/01/2024 19:00","BZN|DE-LU","63408.48","62806.44"
"02/01/2024 19:00 - 02/01/2024 19:15","BZN|DE-LU","62774.63","62648.36"
"02/01/2024 19:15 - 02/01/2024 19:30","BZN|DE-LU","61919.95","62015.71"
"02/01/2024 19:30 - 02/01/2024 19:45","BZN|DE-LU","61476.04","61545.27"
"02/01/2024 19:45 - 02/01/2024 20:00","BZN|DE-LU","61129.37","61337.91"
"02/01/2024 20:00 - 02/01/2024 20:15","BZN|DE-LU","60070.84","60257.11"
"02/01/2024 20:15 - 02/01/2024 20:30","BZN|DE-LU","58905.16","58939.97"
"02/01/2024 20:30 - 02/01/2024 20:45","BZN|DE-LU","58239.45","58142.37"
"02/01/2024 20:45 - 02/01/2024 21:00","BZN|DE-LU","57443.99","57022.70"
"02/01/2024 21:00 - 02/01/2024 21:15","BZN|DE-LU","56596.48","56046.74"
"02/01/2024 21:15 - 02/01/2024 21:30","BZN|DE-LU","55699.49","55165.00"
"02/01/2024 21:30 - 02/01/2024 21:45","BZN|DE-LU","54801.15","54256.53"
"02/01/2024 21:45 - 02/01/2024 22:00","BZN|DE-LU","54140.46","53447.88"
"02/01/2024 22:00 - 02/01/2024 22:15","BZN|DE-LU","53932.14","52706.65"
"02/01/2024 22:15 - 02/01/2024 22:30","BZN|DE-LU","52839.70","52033.66"
"02/01/2024 22:30 - 02/01/2024 22:45","BZN|DE-LU","51996.26","51315.59"
"02/01/2024 22:45 - 02/01/2024 23:00","BZN|DE-LU","51323.61","50306.27"
"02/01/2024 23:00 - 02/01/2024 23:15","BZN|DE-LU","50768.09","48918.44"
"02/01/2024 23:15 - 02/01/2024 23:30","BZN|DE-LU","49646.28","48137.32"
"02/01/2024 23:30 - 02/01/2024 23:45","BZN|DE-LU","49133.43","47642.41"
"02/01/2024 23:45 - 03/01/2024 00:00","BZN|DE-LU","48665.79","47152.01"
"03/01/2024 00:00 - 03/01/2024 00:15","BZN|DE-LU","47631.31","46399.43"
"03/01/2024 00:15 - 03/01/2024 00:30","BZN|DE-LU","46568.94","45639.20"
"03/01/2024 00:30 - 03/01/2024 00:45","BZN|DE-LU","46456.84","45081.24"
"03/01/2024 00:45 - 03/01/2024 01:00","BZN|DE-LU","45705.84","44510.01"
"03/01/2024 01:00 - 03/01/2024 01:15","BZN|DE-LU","45249.46","44010.34"
"03/01/2024 01:15 - 03/01/2024 01:30","BZN|DE-LU","44963.45","43711.27"
"03/01/2024 01:30 - 03/01/2024 01:45","BZN|DE-LU","44611.96","43322.22"
"03/01/2024 01:45 - 03/01/2024 02:00","BZN|DE-LU","44241.56","43145.96"
"03/01/2024 02:00 - 03/01/2024 02:15","BZN|DE-LU","43896.76","42921.55"
"03/01/2024 02:15 - 03/01/2024 02:30","BZN|DE-LU","43481.28","42413.87"
"03/01/2024 02:30 - 03/01/2024 02:45","BZN|DE-LU","43575.60","42456.67"
"03/01/2024 02:45 - 03/01/2024 03:00","BZN|DE-LU","43898.57","42683.77"
"03/01/2024 03:00 - 03/01/2024 03:15","BZN|DE-LU","44097.86","42980.81"
"03/01/2024 03:15 - 03/01/2024 03:30","BZN|DE-LU","43876.19","42932.64"
"03/01/2024 03:30 - 03/01/2024 03:45","BZN|DE-LU","44004.92","43062.48"
"03/01/2024 03:45 - 03/01/2024 04:00","BZN|DE-LU","44313.15","43356.32"
"03/01/2024 04:00 - 03/01/2024 04:15","BZN|DE-LU","44770.46","44013.08"
"03/01/2024 04:15 - 03/01/2024 04:30","BZN|DE-LU","45279.45","44445.75"
"03/01/2024 04:30 - 03/01/2024 04:45","BZN|DE-LU","45726.03","45246.29"
"03/01/2024 04:45 - 03/01/2024 05:00","BZN|DE-LU","46238.26","45938.99"
"03/01/2024 05:00 - 03/01/2024 05:15","BZN|DE-LU","47259.41","47046.85"
"03/01/2024 05:15 - 03/01/2024 05:30","BZN|DE-LU","47501.42","47929.59"
"03/01/2024 05:30 - 03/01/2024 05:45","BZN|DE-LU","48640.95","49055.39"
"03/01/2024 05:45 - 03/01/2024 06:00","BZN|DE-LU","50220.56","50382.70"
"03/01/2024 06:00 - 03/01/2024 06:15","BZN|DE-LU","52781.98","52569.84"
"03/01/2024 06:15 - 03/01/2024 06:30","BZN|DE-LU","53970.19","54127.22"
"03/01/2024 06:30 - 03/01/2024 06:45","BZN|DE-LU","54535.41","55180.93"
"03/01/2024 06:45 - 03/01/2024 07:00","BZN|DE-LU","55652.12","56374.21"
"03/01/2024 07:00 - 03/01/2024 07:15","BZN|DE-LU","57127.45","57713.92"
"03/01/2024 07:15 - 03/01/2024 07:30","BZN|DE-LU","58321.25","58693.07"
"03/01/2024 07:30 - 03/01/2024 07:45","BZN|DE-LU","59462.41","59693.57"
"03/01/2024 07:45 - 03/01/2024 08:00","BZN|DE-LU","60267.33","60330.14"
"03/01/2024 08:00 - 03/01/2024 08:15","BZN|DE-LU","60988.62","60993.65"
"03/01/2024 08:15 - 03/01/2024 08:30","BZN|DE-LU","61223.55","61492.21"
"03/01/2024 08:30 - 03/01/2024 08:45","BZN|DE-LU","61828.99","62121.05"
"03/01/2024 08:45 - 03/01/2024 09:00","BZN|DE-LU","62274.70","62184.52"
"03/01/2024 09:00 - 03/01/2024 09:15","BZN|DE-LU","62370.69","62428.10"
"03/01/2024 09:15 - 03/01/2024 09:30","BZN|DE-LU","62942.86","62867.24"
"03/01/2024 09:30 - 03/01/2024 09:45","BZN|DE-LU","63212.05","63377.23"
"03/01/2024 09:45 - 03/01/2024 10:00","BZN|DE-LU","63023.92","63540.75"
"03/01/2024 10:00 - 03/01/2024 10:15","BZN|DE-LU","63356.15","63752.92"
"03/01/2024 10:15 - 03/01/2024 10:30","BZN|DE-LU","63505.78","63769.41"
"03/01/2024 10:30 - 03/01/2024 10:45","BZN|DE-LU","63892.32","63938.37"
"03/01/2024 10:45 - 03/01/2024 11:00","BZN|DE-LU","64083.70","64031.03"
"03/01/2024 11:00 - 03/01/2024 11:15","BZN|DE-LU","64530.44","64399.94"
"03/01/2024 11:15 - 03/01/2024 11:30","BZN|DE-LU","65071.40","64544.82"
"03/01/2024 11:30 - 03/01/2024 11:45","BZN|DE-LU","65246.64","64641.22"
"03/01/2024 11:45 - 03/01/2024 12:00","BZN|DE-LU","65497.17","64583.05"
"03/01/2024 12:00 - 03/01/2024 12:15","BZN|DE-LU","65537.98","64595.32"
"03/01/2024 12:15 - 03/01/2024 12:30","BZN|DE-LU","65444.75","64462.16"
"03/01/2024 12:30 - 03/01/2024 12:45","BZN|DE-LU","64847.82","64367.76"
"03/01/2024 12:45 - 03/01/2024 13:00","BZN|DE-LU","64619.37","64241.11"
"03/01/2024 13:00 - 03/01/2024 13:15","BZN|DE-LU","64338.18","63998.53"
"03/01/2024 13:15 - 03/01/2024 13:30","BZN|DE-LU","63811.40","63781.42"
"03/01/2024 13:30 - 03/01/2024 13:45","BZN|DE-LU","63610.80","63321.29"
"03/01/2024 13:45 - 03/01/2024 14:00","BZN|DE-LU","63131.90","62830.72"
"03/01/2024 14:00 - 03/01/2024 14:15","BZN|DE-LU","62915.55","62200.17"
"03/01/2024 14:15 - 03/01/2024 14:30","BZN|DE-LU","62535.66","62147.28"
"03/01/2024 14:30 - 03/01/2024 14:45","BZN|DE-LU","62474.31","62066.02"
"03/01/2024 14:45 - 03/01/2024 15:00","BZN|DE-LU","62312.42","61608.93"
"03/01/2024 15:00 - 03/01/2024 15:15","BZN|DE-LU","62529.68","61887.27"
"03/01/2024 15:15 - 03/01/2024 15:30","BZN|DE-LU","62104.59","61763.87"
"03/01/2024 15:30 - 03/01/2024 15:45","BZN|DE-LU","61937.95","61639.83"
"03/01/2024 15:45 - 03/01/2024 16:00","BZN|DE-LU","61833.57","61461.32"
"03/01/2024 16:00 - 03/01/2024 16:15","BZN|DE-LU","62223.19","61645.94"
"03/01/2024 16:15 - 03/01/2024 16:30","BZN|DE-LU","62108.79","61812.22"
"03/01/2024 16:30 - 03/01/2024 16:45","BZN|DE-LU","62806.17","62292.40"
"03/01/2024 16:45 - 03/01/2024 17:00","BZN|DE-LU","63806.12","62423.51"
"03/01/2024 17:00 - 03/01/2024 17:15","BZN|DE-LU","64796.22","63365.65"
"03/01/2024 17:15 - 03/01/2024 17:30","BZN|DE-LU","65007.06","64206.83"
"03/01/2024 17:30 - 03/01/2024 17:45","BZN|DE-LU","65342.31","64045.48"
"03/01/2024 17:45 - 03/01/2024 18:00","BZN|DE-LU","65670.89","64739.94"
"03/01/2024 18:00 - 03/01/2024 18:15","BZN|DE-LU","65502.03","64891.37"
"03/01/2024 18:15 - 03/01/2024 18:30","BZN|DE-LU","65309.71","64826.99"
"03/01/2024 18:30 - 03/01/2024 18:45","BZN|DE-LU","65150.04","64730.15"
"03/01/2024 18:45 - 03/01/2024 19:00","BZN|DE-LU","64987.33","64322.70"
"03/01/2024 19:00 - 03/01/2024 19:15","BZN|DE-LU","64345.02","64066.99"
"03/01/2024 19:15 - 03/01/2024 19:30","BZN|DE-LU","63304.65","63469.05"
"03/01/2024 19:30 - 03/01/2024 19:45","BZN|DE-LU","62710.63","62975.68"
"03/01/2024 19:45 - 03/01/2024 20:00","BZN|DE-LU","62037.40","62676.12"
"03/01/2024 20:00 - 03/01/2024 20:15","BZN|DE-LU","60730.65","61694.61"
"03/01/2024 20:15 - 03/01/2024 20:30","BZN|DE-LU","59633.76","60503.65"
"03/01/2024 20:30 - 03/01/2024 20:45","BZN|DE-LU","58642.41","59704.56"
"03/01/2024 20:45 - 03/01/2024 21:00","BZN|DE-LU","58016.24","58633.18"
"03/01/2024 21:00 - 03/01/2024 21:15","BZN|DE-LU","57216.64","57615.08"
"03/01/2024 21:15 - 03/01/2024 21:30","BZN|DE-LU","56654.92","56893.55"
"03/01/2024 21:30 - 03/01/2024 21:45","BZN|DE-LU","56001.61","56056.92"
"03/01/2024 21:45 - 03/01/2024 22:00","BZN|DE-LU","55184.98","55293.19"
"03/01/2024 22:00 - 03/01/2024 22:15","BZN|DE-LU","54586.85","54427.22"
"03/01/2024 22:15 - 03/01/2024 22:30","BZN|DE-LU","53915.53","53636.97"
"03/01/2024 22:30 - 03/01/2024 22:45","BZN|DE-LU","52693.18","52828.77"
"03/01/2024 22:45 - 03/01/2024 23:00","BZN|DE-LU","51880.05","51748.68"
"03/01/2024 23:00 - 03/01/2024 23:15","BZN|DE-LU","50802.80","50392.19"
"03/01/2024 23:15 - 03/01/2024 23:30","BZN|DE-LU","49898.89","49549.43"
"03/01/2024 23:30 - 03/01/2024 23:45","BZN|DE-LU","49074.31","49022.35"
"03/01/2024 23:45 - 04/01/2024 00:00","BZN|DE-LU","48229.63","48556.52"
"04/01/2024 00:00 - 04/01/2024 00:15","BZN|DE-LU","47833.92","47042.83"
"04/01/2024 00:15 - 04/01/2024 00:30","BZN|DE-LU","47069.19","46109.89"
"04/01/2024 00:30 - 04/01/2024 00:45","BZN|DE-LU","46532.52","45590.67"
"04/01/2024 00:45 - 04/01/2024 01:00","BZN|DE-LU","45875.56","44948.51"
"04/01/2024 01:00 - 04/01/2024 01:15","BZN|DE-LU","45790.47","44206.71"
"04/01/2024 01:15 - 04/01/2024 01:30","BZN|DE-LU","45520.58","44041.46"
"04/01/2024 01:30 - 04/01/2024 01:45","BZN|DE-LU","46034.20","43942.39"
"04/01/2024 01:45 - 04/01/2024 02:00","BZN|DE-LU","45526.40","43501.89"
"04/01/2024 02:00 - 04/01/2024 02:15","BZN|DE-LU","45045.50","43415.18"
"04/01/2024 02:15 - 04/01/2024 02:30","BZN|DE-LU","45074.33","42982.14"
"04/01/2024 02:30 - 04/01/2024 02:45","BZN|DE-LU","45068.94","43115.89"
"04/01/2024 02:45 - 04/01/2024 03:00","BZN|DE-LU","45078.23","43123.61"
"04/01/2024 03:00 - 04/01/2024 03:15","BZN|DE-LU","45321.51","43446.80"
"04/01/2024 03:15 - 04/01/2024 03:30","BZN|DE-LU","45259.56","43379.71"
"04/01/2024 03:30 - 04/01/2024 03:45","BZN|DE-LU","45448.42","43524.59"
"04/01/2024 03:45 - 04/01/2024 04:00","BZN|DE-LU","45774.44","43966.96"
"04/01/2024 04:00 - 04/01/2024 04:15","BZN|DE-LU","45920.02","44486.24"
"04/01/2024 04:15 - 04/01/2024 04:30","BZN|DE-LU","46508.16","44691.01"
"04/01/2024 04:30 - 04/01/2024 04:45","BZN|DE-LU","47019.92","45427.24"
"04/01/2024 04:45 - 04/01/2024 05:00","BZN|DE-LU","47409.98","46339.88"
"04/01/2024 05:00 - 04/01/2024 05:15","BZN|DE-LU","48443.43","47534.18"
"04/01/2024 05:15 - 04/01/2024 05:30","BZN|DE-LU","48797.52","48356.97"
"04/01/2024 05:30 - 04/01/2024 05:45","BZN|DE-LU","49279.07","49427.17"
"04/01/2024 05:45 - 04/01/2024 06:00","BZN|DE-LU","50321.55","50546.83"
"04/01/2024 06:00 - 04/01/2024 06:15","BZN|DE-LU","52188.18","52947.30"
"04/01/2024 06:15 - 04/01/2024 06:30","BZN|DE-LU","53948.11","54675.32"
"04/01/2024 06:30 - 04/01/2024 06:45","BZN|DE-LU","54646.72","55658.52"
"04/01/2024 06:45 - 04/01/2024 07:00","BZN|DE-LU","55998.72","56888.61"
"04/01/2024 07:00 - 04/01/2024 07:15","BZN|DE-LU","57875.44","58110.12"
"04/01/2024 07:15 - 04/01/2024 07:30","BZN|DE-LU","59447.28","58892.08"
"04/01/2024 07:30 - 04/01/2024 07:45","BZN|DE-LU","60398.85","59799.21"
"04/01/2024 07:45 - 04/01/2024 08:00","BZN|DE-LU","61756.18","60309.22"
"04/01/2024 08:00 - 04/01/2024 08:15","BZN|DE-LU","63110.86","60868.66"
"04/01/2024 08:15 - 04/01/2024 08:30","BZN|DE-LU","63475.73","61445.34"
"04/01/2024 08:30 - 04/01/2024 08:45","BZN|DE-LU","63935.85","62026.85"
"04/01/2024 08:45 - 04/01/2024 09:00","BZN|DE-LU","63697.92","62222.93"
"04/01/2024 09:00 - 04/01/2024 09:15","BZN|DE-LU","64205.60","62495.48"
"04/01/2024 09:15 - 04/01/2024 09:30","BZN|DE-LU","64727.48","62931.10"
"04/01/2024 09:30 - 04/01/2024 09:45","BZN|DE-LU","65213.41","63567.07"
"04/01/2024 09:45 - 04/01/2024 10:00","BZN|DE-LU","65378.09","63777.74"
"04/01/2024 10:00 - 04/01/2024 10:15","BZN|DE-LU","65669.18","64091.15"
"04/01/2024 10:15 - 04/01/2024 10:30","BZN|DE-LU","65877.42","64086.59"
"04/01/2024 10:30 - 04/01/2024 10:45","BZN|DE-LU","66217.35","64396.55"
"04/01/2024 10:45 - 04/01/2024 11:00","BZN|DE-LU","66283.66","64514.23"
"04/01/2024 11:00 - 04/01/2024 11:15","BZN|DE-LU","66076.43","64992.82"
"04/01/2024 11:15 - 04/01/2024 11:30","BZN|DE-LU","66189.41","65186.50"
"04/01/2024 11:30 - 04/01/2024 11:45","BZN|DE-LU","66363.11","65241.33"
"04/01/2024 11:45 - 04/01/2024 12:00","BZN|DE-LU","66223.86","65203.89"
"04/01/2024 12:00 - 04/01/2024 12:15","BZN|DE-LU","66334.93","65262.19"
"04/01/2024 12:15 - 04/01/2024 12:30","BZN|DE-LU","66393.89","65086.45"
"04/01/2024 12:30 - 04/01/2024 12:45","BZN|DE-LU","66205.07","65037.07"
"04/01/2024 12:45 - 04/01/2024 13:00","BZN|DE-LU","66046.82","64989.35"
"04/01/2024 13:00 - 04/01/2024 13:15","BZN|DE-LU","66466.84","64924.70"
"04/01/2024 13:15 - 04/01/2024 13:30","BZN|DE-LU","65699.38","64610.38"
"04/01/2024 13:30 - 04/01/2024 13:45","BZN|DE-LU","64833.68","64069.07"
"04/01/2024 13:45 - 04/01/2024 14:00","BZN|DE-LU","64439.23","63425.61"
"04/01/2024 14:00 - 04/01/2024 14:15","BZN|DE-LU","64893.54","62888.50"
"04/01/2024 14:15 - 04/01/2024 14:30","BZN|DE-LU","64447.73","62862.34"
"04/01/2024 14:30 - 04/01/2024 14:45","BZN|DE-LU","64154.62","62725.44"
"04/01/2024 14:45 - 04/01/2024 15:00","BZN|DE-LU","63875.56","62278.11"
"04/01/2024 15:00 - 04/01/2024 15:15","BZN|DE-LU","64158.52","62521.23"
"04/01/2024 15:15 - 04/01/2024 15:30","BZN|DE-LU","63721.90","62346.12"
"04/01/2024 15:30 - 04/01/2024 15:45","BZN|DE-LU","63511.05","62242.78"
"04/01/2024 15:45 - 04/01/2024 16:00","BZN|DE-LU","63205.82","62106.85"
"04/01/2024 16:00 - 04/01/2024 16:15","BZN|DE-LU","63840.38","62328.58"
"04/01/2024 16:15 - 04/01/2024 16:30","BZN|DE-LU","64050.10","62363.98"
"04/01/2024 16:30 - 04/01/2024 16:45","BZN|DE-LU","64784.54","62726.18"
"04/01/2024 16:45 - 04/01/2024 17:00","BZN|DE-LU","65085.24","62801.48"
"04/01/2024 17:00 - 04/01/2024 17:15","BZN|DE-LU","66068.20","63423.73"
"04/01/2024 17:15 - 04/01/2024 17:30","BZN|DE-LU","66327.10","64302.08"
"04/01/2024 17:30 - 04/01/2024 17:45","BZN|DE-LU","66462.25","64285.88"
"04/01/2024 17:45 - 04/01/2024 18:00","BZN|DE-LU","66518.77","65190.48"
"04/01/2024 18:00 - 04/01/2024 18:15","BZN|DE-LU","65977.58","65348.77"
"04/01/2024 18:15 - 04/01/2024 18:30","BZN|DE-LU","65600.23","65299.86"
"04/01/2024 18:30 - 04/01/2024 18:45","BZN|DE-LU","65385.12","65217.35"
"04/01/2024 18:45 - 04/01/2024 19:00","BZN|DE-LU","64976.09","64716.71"
"04/01/2024 19:00 - 04/01/2024 19:15","BZN|DE-LU","64891.57","64515.38"
"04/01/2024 19:15 - 04/01/2024 19:30","BZN|DE-LU","64407.74","63748.63"
"04/01/2024 19:30 - 04/01/2024 19:45","BZN|DE-LU","63802.19","63163.54"
"04/01/2024 19:45 - 04/01/2024 20:00","BZN|DE-LU","62847.55","62902.89"
"04/01/2024 20:00 - 04/01/2024 20:15","BZN|DE-LU","61461.55","62029.60"
"04/01/2024 20:15 - 04/01/2024 20:30","BZN|DE-LU","60525.88","60856.01"
"04/01/2024 20:30 - 04/01/2024 20:45","BZN|DE-LU","60023.08","60145.13"
"04/01/2024 20:45 - 04/01/2024 21:00","BZN|DE-LU","58992.07","59046.81"
"04/01/2024 21:00 - 04/01/2024 21:15","BZN|DE-LU","58046.21","58100.40"
"04/01/2024 21:15 - 04/01/2024 21:30","BZN|DE-LU","57460.17","57478.81"
"04/01/2024 21:30 - 04/01/2024 21:45","BZN|DE-LU","56487.99","56609.09"
"04/01/2024 21:45 - 04/01/2024 22:00","BZN|DE-LU","55900.67","55760.10"
"04/01/2024 22:00 - 04/01/2024 22:15","BZN|DE-LU","55205.09","55021.56"
"04/01/2024 22:15 - 04/01/2024 22:30","BZN|DE-LU","54402.47","54209.01"
"04/01/2024 22:30 - 04/01/2024 22:45","BZN|DE-LU","53550.19","53426.13"
"04/01/2024 22:45 - 04/01/2024 23:00","BZN|DE-LU","52822.31","52292.12"
"04/01/2024 23:00 - 04/01/2024 23:15","BZN|DE-LU","51665.25","50940.80"
"04/01/2024 23:15 - 04/01/2024 23:30","BZN|DE-LU","50878.89","50027.59"
"04/01/2024 23:30 - 04/01/2024 23:45","BZN|DE-LU","50406.21","49426.32"
"04/01/2024 23:45 - 05/01/2024 00:00","BZN|DE-LU","49362.93","48742.86"
"05/01/2024 00:00 - 05/01/2024 00:15","BZN|DE-LU","48189.22","48582.83"
"05/01/2024 00:15 - 05/01/2024 00:30","BZN|DE-LU","47370.05","48596.92"
"05/01/2024 00:30 - 05/01/2024 00:45","BZN|DE-LU","47166.32","47984.28"
"05/01/2024 00:45 - 05/01/2024 01:00","BZN|DE-LU","46663.77","47512.54"
"05/01/2024 01:00 - 05/01/2024 01:15","BZN|DE-LU","46409.28","46309.65"
"05/01/2024 01:15 - 05/01/2024 01:30","BZN|DE-LU","45817.78","46036.85"
"05/01/2024 01:30 - 05/01/2024 01:45","BZN|DE-LU","45461.17","44833.25"
"05/01/2024 01:45 - 05/01/2024 02:00","BZN|DE-LU","45064.01","45090.24"
"05/01/2024 02:00 - 05/01/2024 02:15","BZN|DE-LU","44636.22","45870.33"
"05/01/2024 02:15 - 05/01/2024 02:30","BZN|DE-LU","44541.39","44438.18"
"05/01/2024 02:30 - 05/01/2024 02:45","BZN|DE-LU","44348.22","44596.47"
"05/01/2024 02:45 - 05/01/2024 03:00","BZN|DE-LU","44664.21","45646.48"
"05/01/2024 03:00 - 05/01/2024 03:15","BZN|DE-LU","44853.57","45482.59"
"05/01/2024 03:15 - 05/01/2024 03:30","BZN|DE-LU","44785.13","45220.71"
"05/01/2024 03:30 - 05/01/2024 03:45","BZN|DE-LU","44742.27","45161.54"
"05/01/2024 03:45 - 05/01/2024 04:00","BZN|DE-LU","44914.27","46073.20"
"05/01/2024 04:00 - 05/01/2024 04:15","BZN|DE-LU","45513.22","46747.01"
"05/01/2024 04:15 - 05/01/2024 04:30","BZN|DE-LU","45970.82","46893.58"
"05/01/2024 04:30 - 05/01/2024 04:45","BZN|DE-LU","46204.85","47307.40"
"05/01/2024 04:45 - 05/01/2024 05:00","BZN|DE-LU","46739.05","45494.43"
"05/01/2024 05:00 - 05/01/2024 05:15","BZN|DE-LU","47767.85","46442.85"
"05/01/2024 05:15 - 05/01/2024 05:30","BZN|DE-LU","48325.00","47218.28"
"05/01/2024 05:30 - 05/01/2024 05:45","BZN|DE-LU","48639.99","48108.23"
"05/01/2024 05:45 - 05/01/2024 06:00","BZN|DE-LU","49530.41","49726.26"
"05/01/2024 06:00 - 05/01/2024 06:15","BZN|DE-LU","51493.58","52005.41"
"05/01/2024 06:15 - 05/01/2024 06:30","BZN|DE-LU","52852.69","53543.71"
"05/01/2024 06:30 - 05/01/2024 06:45","BZN|DE-LU","53989.90","54673.57"
"05/01/2024 06:45 - 05/01/2024 07:00","BZN|DE-LU","55021.23","55849.06"
"05/01/2024 07:00 - 05/01/2024 07:15","BZN|DE-LU","56706.02","57338.17"
"05/01/2024 07:15 - 05/01/2024 07:30","BZN|DE-LU","58333.18","58226.99"
"05/01/2024 07:30 - 05/01/2024 07:45","BZN|DE-LU","59489.09","58941.88"
"05/01/2024 07:45 - 05/01/2024 08:00","BZN|DE-LU","60572.15","59726.50"
"05/01/2024 08:00 - 05/01/2024 08:15","BZN|DE-LU","61462.40","60503.72"
"05/01/2024 08:15 - 05/01/2024 08:30","BZN|DE-LU","62098.87","61020.60"
"05/01/2024 08:30 - 05/01/2024 08:45","BZN|DE-LU","62706.12","61601.42"
"05/01/2024 08:45 - 05/01/2024 09:00","BZN|DE-LU","62777.99","61783.66"
"05/01/2024 09:00 - 05/01/2024 09:15","BZN|DE-LU","63182.31","61970.64"
"05/01/2024 09:15 - 05/01/2024 09:30","BZN|DE-LU","63773.38","62614.55"
"05/01/2024 09:30 - 05/01/2024 09:45","BZN|DE-LU","64025.75","62884.16"
"05/01/2024 09:45 - 05/01/2024 10:00","BZN|DE-LU","64469.27","63006.83"
"05/01/2024 10:00 - 05/01/2024 10:15","BZN|DE-LU","64467.75","63098.38"
"05/01/2024 10:15 - 05/01/2024 10:30","BZN|DE-LU","64534.58","63022.12"
"05/01/2024 10:30 - 05/01/2024 10:45","BZN|DE-LU","64732.90","63341.30"
"05/01/2024 10:45 - 05/01/2024 11:00","BZN|DE-LU","64907.20","63431.51"
"05/01/2024 11:00 - 05/01/2024 11:15","BZN|DE-LU","65291.83","63905.82"
"05/01/2024 11:15 - 05/01/2024 11:30","BZN|DE-LU","65467.01","63781.16"
"05/01/2024 11:30 - 05/01/2024 11:45","BZN|DE-LU","65456.16","63703.33"
"05/01/2024 11:45 - 05/01/2024 12:00","BZN|DE-LU","65500.03","63429.74"
"05/01/2024 12:00 - 05/01/2024 12:15","BZN|DE-LU","65215.82","63292.72"
"05/01/2024 12:15 - 05/01/2024 12:30","BZN|DE-LU","65148.08","62916.66"
"05/01/2024 12:30 - 05/01/2024 12:45","BZN|DE-LU","65178.82","63045.32"
"05/01/2024 12:45 - 05/01/2024 13:00","BZN|DE-LU","65116.44","62746.20"
"05/01/2024 13:00 - 05/01/2024 13:15","BZN|DE-LU","64457.46","62635.05"
"05/01/2024 13:15 - 05/01/2024 13:30","BZN|DE-LU","64122.78","62607.04"
"05/01/2024 13:30 - 05/01/2024 13:45","BZN|DE-LU","63799.85","62196.19"
"05/01/2024 13:45 - 05/01/2024 14:00","BZN|DE-LU","63031.09","61318.11"
"05/01/2024 14:00 - 05/01/2024 14:15","BZN|DE-LU","63081.76","61235.81"
"05/01/2024 14:15 - 05/01/2024 14:30","BZN|DE-LU","62801.60","61016.06"
"05/01/2024 14:30 - 05/01/2024 14:45","BZN|DE-LU","62785.67","60990.23"
"05/01/2024 14:45 - 05/01/2024 15:00","BZN|DE-LU","62443.73","60782.06"
"05/01/2024 15:00 - 05/01/2024 15:15","BZN|DE-LU","62236.53","61039.86"
"05/01/2024 15:15 - 05/01/2024 15:30","BZN|DE-LU","62175.54","60534.01"
"05/01/2024 15:30 - 05/01/2024 15:45","BZN|DE-LU","62270.34","60191.42"
"05/01/2024 15:45 - 05/01/2024 16:00","BZN|DE-LU","62587.03","60390.93"
"05/01/2024 16:00 - 05/01/2024 16:15","BZN|DE-LU","62714.07","60985.60"
"05/01/2024 16:15 - 05/01/2024 16:30","BZN|DE-LU","62863.31","61015.46"
"05/01/2024 16:30 - 05/01/2024 16:45","BZN|DE-LU","63615.15","60861.75"
"05/01/2024 16:45 - 05/01/2024 17:00","BZN|DE-LU","64407.92","61695.33"
"05/01/2024 17:00 - 05/01/2024 17:15","BZN|DE-LU","65391.48","62522.76"
"05/01/2024 17:15 - 05/01/2024 17:30","BZN|DE-LU","65565.36","62806.80"
"05/01/2024 17:30 - 05/01/2024 17:45","BZN|DE-LU","65845.88","63611.61"
"05/01/2024 17:45 - 05/01/2024 18:00","BZN|DE-LU","66154.96","63627.71"
"05/01/2024 18:00 - 05/01/2024 18:15","BZN|DE-LU","65943.34","63936.26"
"05/01/2024 18:15 - 05/01/2024 18:30","BZN|DE-LU","65829.12","63722.01"
"05/01/2024 18:30 - 05/01/2024 18:45","BZN|DE-LU","65767.99","63767.83"
"05/01/2024 18:45 - 05/01/2024 19:00","BZN|DE-LU","65066.63","63544.83"
"05/01/2024 19:00 - 05/01/2024 19:15","BZN|DE-LU","64783.14","63276.70"
"05/01/2024 19:15 - 05/01/2024 19:30","BZN|DE-LU","63974.27","62293.07"
"05/01/2024 19:30 - 05/01/2024 19:45","BZN|DE-LU","63400.57","62014.99"
"05/01/2024 19:45 - 05/01/2024 20:00","BZN|DE-LU","62638.18","61623.57"
"05/01/2024 20:00 - 05/01/2024 20:15","BZN|DE-LU","61475.74","60602.51"
"05/01/2024 20:15 - 05/01/2024 20:30","BZN|DE-LU","60528.55","59645.00"
"05/01/2024 20:30 - 05/01/2024 20:45","BZN|DE-LU","59537.30","58714.05"
"05/01/2024 20:45 - 05/01/2024 21:00","BZN|DE-LU","58719.90","58175.82"
"05/01/2024 21:00 - 05/01/2024 21:15","BZN|DE-LU","58113.00","56740.72"
"05/01/2024 21:15 - 05/01/2024 21:30","BZN|DE-LU","57422.68","55894.14"
"05/01/2024 21:30 - 05/01/2024 21:45","BZN|DE-LU","56548.80","55243.82"
"05/01/2024 21:45 - 05/01/2024 22:00","BZN|DE-LU","55608.55","54519.78"
"05/01/2024 22:00 - 05/01/2024 22:15","BZN|DE-LU","55501.89","53915.14"
"05/01/2024 22:15 - 05/01/2024 22:30","BZN|DE-LU","54764.35","53471.25"
"05/01/2024 22:30 - 05/01/2024 22:45","BZN|DE-LU","54293.13","52785.14"
"05/01/2024 22:45 - 05/01/2024 23:00","BZN|DE-LU","53001.74","51798.87"
"05/01/2024 23:00 - 05/01/2024 23:15","BZN|DE-LU","52087.01","50617.86"
"05/01/2024 23:15 - 05/01/2024 23:30","BZN|DE-LU","51116.15","49814.65"
"05/01/2024 23:30 - 05/01/2024 23:45","BZN|DE-LU","50522.77","48633.50"
"05/01/2024 23:45 - 06/01/2024 00:00","BZN|DE-LU","49973.60","48263.15"
"06/01/2024 00:00 - 06/01/2024 00:15","BZN|DE-LU","49097.94","47010.83"
"06/01/2024 00:15 - 06/01/2024 00:30","BZN|DE-LU","48242.29","46011.48"
"06/01/2024 00:30 - 06/01/2024 00:45","BZN|DE-LU","47713.27","44809.90"
"06/01/2024 00:45 - 06/01/2024 01:00","BZN|DE-LU","47149.31","45073.00"
"06/01/2024 01:00 - 06/01/2024 01:15","BZN|DE-LU","46495.08","44520.84"
"06/01/2024 01:15 - 06/01/2024 01:30","BZN|DE-LU","46266.71","44223.46"
"06/01/2024 01:30 - 06/01/2024 01:45","BZN|DE-LU","46295.84","43609.92"
"06/01/2024 01:45 - 06/01/2024 02:00","BZN|DE-LU","46149.77","43007.56"
"06/01/2024 02:00 - 06/01/2024 02:15","BZN|DE-LU","45790.70","42661.72"
"06/01/2024 02:15 - 06/01/2024 02:30","BZN|DE-LU","45387.42","42246.72"
"06/01/2024 02:30 - 06/01/2024 02:45","BZN|DE-LU","45265.57","42460.83"
"06/01/2024 02:45 - 06/01/2024 03:00","BZN|DE-LU","44793.35","42319.96"
"06/01/2024 03:00 - 06/01/2024 03:15","BZN|DE-LU","44958.46","42026.29"
"06/01/2024 03:15 - 06/01/2024 03:30","BZN|DE-LU","44717.43","41834.38"
"06/01/2024 03:30 - 06/01/2024 03:45","BZN|DE-LU","44509.20","41675.46"
"06/01/2024 03:45 - 06/01/2024 04:00","BZN|DE-LU","44461.98","41705.53"
"06/01/2024 04:00 - 06/01/2024 04:15","BZN|DE-LU","44680.05","41760.09"
"06/01/2024 04:15 - 06/01/2024 04:30","BZN|DE-LU","44722.85","41413.90"
"06/01/2024 04:30 - 06/01/2024 04:45","BZN|DE-LU","44869.18","41514.53"
"06/01/2024 04:45 - 06/01/2024 05:00","BZN|DE-LU","44731.68","41496.06"
"06/01/2024 05:00 - 06/01/2024 05:15","BZN|DE-LU","45070.02","42623.65"
"06/01/2024 05:15 - 06/01/2024 05:30","BZN|DE-LU","44990.89","42460.81"
"06/01/2024 05:30 - 06/01/2024 05:45","BZN|DE-LU","45076.14","43346.35"
"06/01/2024 05:45 - 06/01/2024 06:00","BZN|DE-LU","45192.92","42823.10"
"06/01/2024 06:00 - 06/01/2024 06:15","BZN|DE-LU","45458.98","43574.79"
"06/01/2024 06:15 - 06/01/2024 06:30","BZN|DE-LU","45619.05","43780.01"
"06/01/2024 06:30 - 06/01/2024 06:45","BZN|DE-LU","45868.54","45070.68"
"06/01/2024 06:45 - 06/01/2024 07:00","BZN|DE-LU","45864.39","45190.11"
"06/01/2024 07:00 - 06/01/2024 07:15","BZN|DE-LU","46357.47","46000.91"
"06/01/2024 07:15 - 06/01/2024 07:30","BZN|DE-LU","47028.74","47188.41"
"06/01/2024 07:30 - 06/01/2024 07:45","BZN|DE-LU","47596.63","47724.49"
"06/01/2024 07:45 - 06/01/2024 08:00","BZN|DE-LU","48353.66","49052.64"
"06/01/2024 08:00 - 06/01/2024 08:15","BZN|DE-LU","49607.46","50133.38"
"06/01/2024 08:15 - 06/01/2024 08:30","BZN|DE-LU","50671.67","50215.73"
"06/01/2024 08:30 - 06/01/2024 08:45","BZN|DE-LU","51265.99","51104.16"
"06/01/2024 08:45 - 06/01/2024 09:00","BZN|DE-LU","52126.19","52024.35"
"06/01/2024 09:00 - 06/01/2024 09:15","BZN|DE-LU","53463.43","52664.64"
"06/01/2024 09:15 - 06/01/2024 09:30","BZN|DE-LU","54046.74","53283.70"
"06/01/2024 09:30 - 06/01/2024 09:45","BZN|DE-LU","54763.22","53486.38"
"06/01/2024 09:45 - 06/01/2024 10:00","BZN|DE-LU","55597.07","54252.94"
"06/01/2024 10:00 - 06/01/2024 10:15","BZN|DE-LU","56040.22","54678.60"
"06/01/2024 10:15 - 06/01/2024 10:30","BZN|DE-LU","56217.99","54367.21"
"06/01/2024 10:30 - 06/01/2024 10:45","BZN|DE-LU","56659.49","55479.03"
"06/01/2024 10:45 - 06/01/2024 11:00","BZN|DE-LU","56911.74","55936.22"
"06/01/2024 11:00 - 06/01/2024 11:15","BZN|DE-LU","57623.32","56276.27"
"06/01/2024 11:15 - 06/01/2024 11:30","BZN|DE-LU","58047.43","57040.89"
"06/01/2024 11:30 - 06/01/2024 11:45","BZN|DE-LU","58568.81","56824.79"
"06/01/2024 11:45 - 06/01/2024 12:00","BZN|DE-LU","58674.76","56463.45"
"06/01/2024 12:00 - 06/01/2024 12:15","BZN|DE-LU","58828.52","56486.22"
"06/01/2024 12:15 - 06/01/2024 12:30","BZN|DE-LU","58743.58","56720.44"
"06/01/2024 12:30 - 06/01/2024 12:45","BZN|DE-LU","58456.15","56672.14"
"06/01/2024 12:45 - 06/01/2024 13:00","BZN|DE-LU","58341.34","56628.24"
"06/01/2024 13:00 - 06/01/2024 13:15","BZN|DE-LU","58104.94","56085.25"
"06/01/2024 13:15 - 06/01/2024 13:30","BZN|DE-LU","57668.77","55462.48"
"06/01/2024 13:30 - 06/01/2024 13:45","BZN|DE-LU","57233.59","55257.95"
"06/01/2024 13:45 - 06/01/2024 14:00","BZN|DE-LU","57068.99","54755.91"
"06/01/2024 14:00 - 06/01/2024 14:15","BZN|DE-LU","57077.13","54287.96"
"06/01/2024 14:15 - 06/01/2024 14:30","BZN|DE-LU","57068.01","53604.90"
"06/01/2024 14:30 - 06/01/2024 14:45","BZN|DE-LU","56815.93","53695.23"
"06/01/2024 14:45 - 06/01/2024 15:00","BZN|DE-LU","56682.83","53749.14"
"06/01/2024 15:00 - 06/01/2024 15:15","BZN|DE-LU","56812.88","53638.85"
"06/01/2024 15:15 - 06/01/2024 15:30","BZN|DE-LU","57109.94","53880.16"
"06/01/2024 15:30 - 06/01/2024 15:45","BZN|DE-LU","57113.16","54168.70"
"06/01/2024 15:45 - 06/01/2024 16:00","BZN|DE-LU","56922.67","55013.35"
"06/01/2024 16:00 - 06/01/2024 16:15","BZN|DE-LU","57273.47","55163.18"
"06/01/2024 16:15 - 06/01/2024 16:30","BZN|DE-LU","57556.62","55712.03"
"06/01/2024 16:30 - 06/01/2024 16:45","BZN|DE-LU","57962.37","56232.39"
"06/01/2024 16:45 - 06/01/2024 17:00","BZN|DE-LU","58265.48","56462.69"
"06/01/2024 17:00 - 06/01/2024 17:15","BZN|DE-LU","59023.99","57675.67"
"06/01/2024 17:15 - 06/01/2024 17:30","BZN|DE-LU","59665.35","57825.59"
"06/01/2024 17:30 - 06/01/2024 17:45","BZN|DE-LU","60332.08","58531.44"
"06/01/2024 17:45 - 06/01/2024 18:00","BZN|DE-LU","60196.39","58465.38"
"06/01/2024 18:00 - 06/01/2024 18:15","BZN|DE-LU","60211.08","58328.30"
"06/01/2024 18:15 - 06/01/2024 18:30","BZN|DE-LU","59950.94","57828.54"
"06/01/2024 18:30 - 06/01/2024 18:45","BZN|DE-LU","59934.77","57402.59"
"06/01/2024 18:45 - 06/01/2024 19:00","BZN|DE-LU","59409.88","57186.81"
"06/01/2024 19:00 - 06/01/2024 19:15","BZN|DE-LU","59007.75","56998.81"
"06/01/2024 19:15 - 06/01/2024 19:30","BZN|DE-LU","58437.32","56103.53"
"06/01/2024 19:30 - 06/01/2024 19:45","BZN|DE-LU","58053.78","55389.93"
"06/01/2024 19:45 - 06/01/2024 20:00","BZN|DE-LU","57464.85","55057.40"
"06/01/2024 20:00 - 06/01/2024 20:15","BZN|DE-LU","56346.16","54463.42"
"06/01/2024 20:15 - 06/01/2024 20:30","BZN|DE-LU","55482.74","53275.43"
"06/01/2024 20:30 - 06/01/2024 20:45","BZN|DE-LU","54593.04","52286.37"
"06/01/2024 20:45 - 06/01/2024 21:00","BZN|DE-LU","54009.53","51525.68"
"06/01/2024 21:00 - 06/01/2024 21:15","BZN|DE-LU","53323.01","50972.03"
"06/01/2024 21:15 - 06/01/2024 21:30","BZN|DE-LU","53030.29","50333.83"
"06/01/2024 21:30 - 06/01/2024 21:45","BZN|DE-LU","52489.42","50319.11"
"06/01/2024 21:45 - 06/01/2024 22:00","BZN|DE-LU","51911.98","49580.89"
"06/01/2024 22:00 - 06/01/2024 22:15","BZN|DE-LU","52189.60","49358.15"
"06/01/2024 22:15 - 06/01/2024 22:30","BZN|DE-LU","51728.78","48762.02"
"06/01/2024 22:30 - 06/01/2024 22:45","BZN|DE-LU","51318.62","48484.70"
"06/01/2024 22:45 - 06/01/2024 23:00","BZN|DE-LU","50527.62","48154.17"
"06/01/2024 23:00 - 06/01/2024 23:15","BZN|DE-LU","49739.43","47563.87"
"06/01/2024 23:15 - 06/01/2024 23:30","BZN|DE-LU","48978.35","46926.19"
"06/01/2024 23:30 - 06/01/2024 23:45","BZN|DE-LU","48336.78","46189.65"
"06/01/2024 23:45 - 07/01/2024 00:00","BZN|DE-LU","47446.22","45942.51"
"07/01/2024 00:00 - 07/01/2024 00:15","BZN|DE-LU","46922.45","42464.21"
"07/01/2024 00:15 - 07/01/2024 00:30","BZN|DE-LU","46177.26","42180.84"
"07/01/2024 00:30 - 07/01/2024 00:45","BZN|DE-LU","45366.77","42246.06"
"07/01/2024 00:45 - 07/01/2024 01:00","BZN|DE-LU","44991.77","41600.50"
"07/01/2024 01:00 - 07/01/2024 01:15","BZN|DE-LU","44527.15","41096.34"
"07/01/2024 01:15 - 07/01/2024 01:30","BZN|DE-LU","44326.76","40520.37"
"07/01/2024 01:30 - 07/01/2024 01:45","BZN|DE-LU","44203.87","40117.84"
"07/01/2024 01:45 - 07/01/2024 02:00","BZN|DE-LU","43751.63","39730.65"
"07/01/2024 02:00 - 07/01/2024 02:15","BZN|DE-LU","43739.63","39328.58"
"07/01/2024 02:15 - 07/01/2024 02:30","BZN|DE-LU","43571.07","39300.74"
"07/01/2024 02:30 - 07/01/2024 02:45","BZN|DE-LU","43445.56","38970.09"
"07/01/2024 02:45 - 07/01/2024 03:00","BZN|DE-LU","43193.77","39007.01"
"07/01/2024 03:00 - 07/01/2024 03:15","BZN|DE-LU","43052.45","38800.74"
"07/01/2024 03:15 - 07/01/2024 03:30","BZN|DE-LU","42941.59","38811.57"
"07/01/2024 03:30 - 07/01/2024 03:45","BZN|DE-LU","42910.45","38557.22"
"07/01/2024 03:45 - 07/01/2024 04:00","BZN|DE-LU","43086.98","38537.87"
"07/01/2024 04:00 - 07/01/2024 04:15","BZN|DE-LU","43056.19","38816.15"
"07/01/2024 04:15 - 07/01/2024 04:30","BZN|DE-LU","42967.40","38770.04"
"07/01/2024 04:30 - 07/01/2024 04:45","BZN|DE-LU","43199.05","38998.36"
"07/01/2024 04:45 - 07/01/2024 05:00","BZN|DE-LU","43189.98","39109.15"
"07/01/2024 05:00 - 07/01/2024 05:15","BZN|DE-LU","43081.29","39305.41"
"07/01/2024 05:15 - 07/01/2024 05:30","BZN|DE-LU","42905.22","39444.71"
"07/01/2024 05:30 - 07/01/2024 05:45","BZN|DE-LU","43039.43","39758.87"
"07/01/2024 05:45 - 07/01/2024 06:00","BZN|DE-LU","43083.21","40084.62"
"07/01/2024 06:00 - 07/01/2024 06:15","BZN|DE-LU","43059.95","39787.50"
"07/01/2024 06:15 - 07/01/2024 06:30","BZN|DE-LU","43244.97","39780.11"
"07/01/2024 06:30 - 07/01/2024 06:45","BZN|DE-LU","43141.07","40144.80"
"07/01/2024 06:45 - 07/01/2024 07:00","BZN|DE-LU","43289.70","40498.68"
"07/01/2024 07:00 - 07/01/2024 07:15","BZN|DE-LU","44084.04","41027.41"
"07/01/2024 07:15 - 07/01/2024 07:30","BZN|DE-LU","44636.60","41453.48"
"07/01/2024 07:30 - 07/01/2024 07:45","BZN|DE-LU","45157.67","42066.92"
"07/01/2024 07:45 - 07/01/2024 08:00","BZN|DE-LU","45475.33","42570.80"
"07/01/2024 08:00 - 07/01/2024 08:15","BZN|DE-LU","46322.85","43222.03"
"07/01/2024 08:15 - 07/01/2024 08:30","BZN|DE-LU","47021.90","43813.16"
"07/01/2024 08:30 - 07/01/2024 08:45","BZN|DE-LU","47737.43","44675.36"
"07/01/2024 08:45 - 07/01/2024 09:00","BZN|DE-LU","48487.93","45528.66"
"07/01/2024 09:00 - 07/01/2024 09:15","BZN|DE-LU","49896.85","46628.18"
"07/01/2024 09:15 - 07/01/2024 09:30","BZN|DE-LU","50828.45","47646.64"
"07/01/2024 09:30 - 07/01/2024 09:45","BZN|DE-LU","51803.80","48417.36"
"07/01/2024 09:45 - 07/01/2024 10:00","BZN|DE-LU","52391.92","48707.83"
"07/01/2024 10:00 - 07/01/2024 10:15","BZN|DE-LU","53091.35","49262.51"
"07/01/2024 10:15 - 07/01/2024 10:30","BZN|DE-LU","53759.48","49654.30"
"07/01/2024 10:30 - 07/01/2024 10:45","BZN|DE-LU","54378.04","49967.82"
"07/01/2024 10:45 - 07/01/2024 11:00","BZN|DE-LU","54635.65","50398.76"
"07/01/2024 11:00 - 07/01/2024 11:15","BZN|DE-LU","55405.62","51107.32"
"07/01/2024 11:15 - 07/01/2024 11:30","BZN|DE-LU","56311.94","51729.19"
"07/01/2024 11:30 - 07/01/2024 11:45","BZN|DE-LU","57249.37","52008.88"
"07/01/2024 11:45 - 07/01/2024 12:00","BZN|DE-LU","57393.18","52176.05"
"07/01/2024 12:00 - 07/01/2024 12:15","BZN|DE-LU","57391.40","52207.76"
"07/01/2024 12:15 - 07/01/2024 12:30","BZN|DE-LU","57513.70","51989.85"
"07/01/2024 12:30 - 07/01/2024 12:45","BZN|DE-LU","57561.15","50923.39"
"07/01/2024 12:45 - 07/01/2024 13:00","BZN|DE-LU","57279.80","50897.46"
"07/01/2024 13:00 - 07/01/2024 13:15","BZN|DE-LU","56864.76","50840.04"
"07/01/2024 13:15 - 07/01/2024 13:30","BZN|DE-LU","56368.60","50423.25"
"07/01/2024 13:30 - 07/01/2024 13:45","BZN|DE-LU","56267.32","50247.65"
"07/01/2024 13:45 - 07/01/2024 14:00","BZN|DE-LU","55752.64","49937.39"
"07/01/2024 14:00 - 07/01/2024 14:15","BZN|DE-LU","55760.57","49829.29"
"07/01/2024 14:15 - 07/01/2024 14:30","BZN|DE-LU","55463.14","49309.88"
"07/01/2024 14:30 - 07/01/2024 14:45","BZN|DE-LU","55378.13","48713.67"
"07/01/2024 14:45 - 07/01/2024 15:00","BZN|DE-LU","55229.24","48814.86"
"07/01/2024 15:00 - 07/01/2024 15:15","BZN|DE-LU","55289.41","48522.44"
"07/01/2024 15:15 - 07/01/2024 15:30","BZN|DE-LU","55020.16","48458.42"
"07/01/2024 15:30 - 07/01/2024 15:45","BZN|DE-LU","54943.17","48376.15"
"07/01/2024 15:45 - 07/01/2024 16:00","BZN|DE-LU","55474.72","48347.39"
"07/01/2024 16:00 - 07/01/2024 16:15","BZN|DE-LU","55787.04","49001.94"
"07/01/2024 16:15 - 07/01/2024 16:30","BZN|DE-LU","56239.76","49198.71"
"07/01/2024 16:30 - 07/01/2024 16:45","BZN|DE-LU","57292.39","50050.68"
"07/01/2024 16:45 - 07/01/2024 17:00","BZN|DE-LU","58187.02","50855.52"
"07/01/2024 17:00 - 07/01/2024 17:15","BZN|DE-LU","59683.68","52154.49"
"07/01/2024 17:15 - 07/01/2024 17:30","BZN|DE-LU","60451.44","52963.89"
"07/01/2024 17:30 - 07/01/2024 17:45","BZN|DE-LU","60816.38","53562.01"
"07/01/2024 17:45 - 07/01/2024 18:00","BZN|DE-LU","60818.74","54092.94"
"07/01/2024 18:00 - 07/01/2024 18:15","BZN|DE-LU","61166.77","55045.98"
"07/01/2024 18:15 - 07/01/2024 18:30","BZN|DE-LU","61113.92","55093.51"
"07/01/2024 18:30 - 07/01/2024 18:45","BZN|DE-LU","61166.20","54984.17"
"07/01/2024 18:45 - 07/01/2024 19:00","BZN|DE-LU","60814.11","54858.69"
"07/01/2024 19:00 - 07/01/2024 19:15","BZN|DE-LU","60579.53","54796.15"
"07/01/2024 19:15 - 07/01/2024 19:30","BZN|DE-LU","60024.63","54199.28"
"07/01/2024 19:30 - 07/01/2024 19:45","BZN|DE-LU","59263.40","53829.04"
"07/01/2024 19:45 - 07/01/2024 20:00","BZN|DE-LU","58738.42","53216.35"
"07/01/2024 20:00 - 07/01/2024 20:15","BZN|DE-LU","58017.89","52508.30"
"07/01/2024 20:15 - 07/01/2024 20:30","BZN|DE-LU","57128.43","51428.84"
"07/01/2024 20:30 - 07/01/2024 20:45","BZN|DE-LU","56574.56","50585.17"
"07/01/2024 20:45 - 07/01/2024 21:00","BZN|DE-LU","56001.24","50050.92"
"07/01/2024 21:00 - 07/01/2024 21:15","BZN|DE-LU","55811.00","49566.00"
"07/01/2024 21:15 - 07/01/2024 21:30","BZN|DE-LU","55592.10","49172.99"
"07/01/2024 21:30 - 07/01/2024 21:45","BZN|DE-LU","54959.26","48742.55"
"07/01/2024 21:45 - 07/01/2024 22:00","BZN|DE-LU","54773.60","48459.92"
"07/01/2024 22:00 - 07/01/2024 22:15","BZN|DE-LU","55592.43","47956.85"
"07/01/2024 22:15 - 07/01/2024 22:30","BZN|DE-LU","55195.96","47600.18"
"07/01/2024 22:30 - 07/01/2024 22:45","BZN|DE-LU","54526.33","47395.63"
"07/01/2024 22:45 - 07/01/2024 23:00","BZN|DE-LU","53731.46","46369.89"
"07/01/2024 23:00 - 07/01/2024 23:15","BZN|DE-LU","53175.54","46121.30"
"07/01/2024 23:15 - 07/01/2024 23:30","BZN|DE-LU","52702.42","45582.91"
"07/01/2024 23:30 - 07/01/2024 23:45","BZN|DE-LU","51825.00","45097.84"
"07/01/2024 23:45 - 08/01/2024 00:00","BZN|DE-LU","51191.10","44513.06"
